City_ID,City,Lat,Lng,Max Temp,Humidity,Cloudiness,Wind Speed,Country,Date
0,port-aux-francais,-49.35,70.2167,45.03,89,80,30.94,TF,1708405920
1,adamstown,-25.066,-130.1015,78.13,86,75,10.83,PN,1708405924
2,kuchaiburi,22.2667,86.1667,89.26,24,10,10.38,IN,1708406429
3,rio verde de mato grosso,-18.9181,-54.8442,72.7,94,100,1.23,BR,1708406430
4,edinburgh of the seven seas,-37.0676,-12.3116,59.5,64,43,9.69,SH,1708405935
5,la passe,45.5549,-0.8967,49.98,94,97,3.24,FR,1708405993
6,puerto natales,-51.7236,-72.4875,53.55,97,99,4.79,CL,1708405947
7,papatowai,-46.5619,169.4708,56.55,54,11,16.87,NZ,1708405959
8,udachny,66.4167,112.4,-2.56,83,100,6.15,RU,1708405933
9,ribeira grande,38.5167,-28.7,62.78,95,99,8.01,PT,1708405983
10,bethel,41.3712,-73.414,26.96,59,2,3.74,US,1708405923
11,hermanus,-34.4187,19.2345,70.86,69,29,6.69,ZA,1708405927
12,stanley,54.868,-1.6985,44.78,79,0,4.61,GB,1708405958
13,morehead city,34.7229,-76.726,46.4,67,75,11.5,US,1708406378
14,qamdo,31.1667,97.2333,28.36,48,100,10.65,CN,1708406026
15,newman,37.3138,-121.0208,56.23,76,9,3.0,US,1708406014
16,albany,42.6001,-73.9662,19.31,63,0,3.0,US,1708406239
17,abilene,32.4487,-99.7331,57.88,52,0,8.05,US,1708406434
18,isafjordur,66.0755,-23.124,35.35,94,100,7.87,IS,1708405989
19,klyuchi,52.2667,79.1667,-10.39,91,8,6.02,RU,1708405964
20,pont rouge,48.8833,-72.0825,-0.11,96,51,5.41,CA,1708406435
21,kerikeri,-35.2268,173.9474,77.92,72,31,4.74,NZ,1708405985
22,bilibino,68.0546,166.4372,-12.51,82,25,8.79,RU,1708405962
23,blackmans bay,-43.0167,147.3167,73.53,61,100,7.78,AU,1708405936
24,ciechanow,52.8814,20.62,40.86,90,100,14.41,PL,1708406436
25,chakari,-18.0629,29.8925,64.26,72,1,4.83,ZW,1708406437
26,west island,-12.1568,96.8225,87.78,66,75,6.91,CC,1708405921
27,kyren,51.6828,102.1408,-8.05,77,6,1.01,RU,1708406437
28,inhambane,-23.865,35.3833,79.41,62,36,10.25,MZ,1708406438
29,bodaybo,57.8506,114.1933,-3.59,87,100,14.32,RU,1708406438
30,hadibu,12.65,54.0333,75.31,63,9,5.37,YE,1708405985
31,fort bragg,35.139,-79.006,43.83,73,20,0.0,US,1708405966
32,grytviken,-54.2811,-36.5092,35.13,82,28,13.6,GS,1708405920
33,whitehorse,60.7161,-135.0538,22.01,96,40,3.22,CA,1708405881
34,olonkinbyen,70.9221,-8.7187,31.44,99,100,12.62,SJ,1708405925
35,kismayo,-0.3582,42.5454,81.63,73,92,15.59,SO,1708406440
36,vila velha,-20.3297,-40.2925,76.95,95,75,4.61,BR,1708406441
37,avarua,-21.2078,-159.775,75.25,94,100,14.97,CK,1708405933
38,coahuayana de hidalgo,18.7,-103.6583,70.77,82,0,1.86,MX,1708405984
39,santa terezinha,-29.9002,-50.0904,72.59,77,100,4.47,BR,1708406064
40,lebu,-37.6167,-73.65,56.43,95,99,5.61,CL,1708405925
41,colonia,50.9333,6.95,43.97,89,20,4.61,DE,1708406314
42,yellowknife,62.456,-114.3525,-0.58,82,98,10.0,CA,1708405927
43,anadyr,64.75,177.4833,14.5,79,75,8.95,RU,1708405970
44,nabari,34.6167,136.0833,60.03,90,100,5.23,JP,1708406443
45,longyearbyen,78.2186,15.6401,4.84,85,20,0.0,SJ,1708405965
46,badger,64.8,-147.5333,41.25,66,75,8.05,US,1708405928
47,port alfred,-33.5906,26.891,70.63,83,0,15.99,ZA,1708406030
48,crane,31.3974,-102.3501,60.62,26,30,8.52,US,1708405924
49,papao,-17.75,-149.55,83.88,73,100,2.37,PF,1708406444
50,sinabang,2.4803,96.3801,78.67,86,100,5.37,ID,1708406445
51,oroqen zizhiqi,50.5667,123.7167,4.19,49,4,9.15,CN,1708406035
52,callao,-12.0667,-77.15,80.73,73,0,11.5,PE,1708406001
53,kruisfontein,-34.0033,24.7314,67.05,80,0,4.94,ZA,1708405941
54,ushuaia,-54.8,-68.3,47.86,93,75,13.8,AR,1708405927
55,tanah merah,5.8,102.15,87.62,51,88,4.65,MY,1708406446
56,tabou,4.423,-7.3528,79.43,87,71,4.12,CI,1708406446
57,amursk,50.2261,136.8994,-3.01,81,100,9.04,RU,1708406446
58,boguchany,58.3814,97.4531,-8.14,86,98,5.01,RU,1708406447
59,margaret river,-33.95,115.0667,80.01,58,90,8.05,AU,1708405747
60,waitangi,-43.9535,-176.5597,58.82,73,60,11.01,NZ,1708405930
61,ilulissat,69.2167,-51.1,23.02,63,40,1.14,GL,1708405949
62,margate,51.3813,1.3862,44.69,84,100,3.0,GB,1708406127
63,minas de marcona,-15.2119,-75.1103,66.54,86,99,7.34,PE,1708406055
64,feijo,-8.1642,-70.3536,75.06,97,100,1.74,BR,1708406448
65,petropavlovsk-kamchatsky,53.0452,158.6483,23.59,91,75,8.95,RU,1708405940
66,cox's bazar,21.4532,91.9798,80.62,38,5,9.37,BD,1708406448
67,yuzhno-kurilsk,44.0306,145.8556,31.37,93,63,15.37,RU,1708405963
68,hirara,24.8,125.2833,79.07,78,75,16.11,JP,1708406449
69,arraial do cabo,-22.9661,-42.0278,75.45,86,0,3.98,BR,1708406023
70,wanaraja,-7.1749,107.9808,78.94,58,88,3.04,ID,1708406449
71,katsuura,35.1333,140.3,66.61,81,99,16.96,JP,1708406450
72,yerofey pavlovich,53.9667,121.9667,-2.11,60,89,8.7,RU,1708406450
73,aguie,13.506,7.7786,67.24,15,1,8.23,NE,1708406450
74,iqaluit,63.7506,-68.5145,-22.27,67,0,20.71,CA,1708405955
75,prairie ridge,47.1376,-122.1487,43.14,95,80,0.0,US,1708406451
76,qaqortoq,60.7167,-46.0333,25.65,69,28,10.94,GL,1708405934
77,port lincoln,-34.7333,135.8667,78.82,49,28,12.93,AU,1708405948
78,zaozersk,69.4005,32.4476,21.18,81,98,18.54,RU,1708406037
79,susuman,62.7833,148.1667,-22.02,91,100,3.0,RU,1708406004
80,dul'durga,50.6761,113.5931,-0.13,53,1,14.65,RU,1708406452
81,toliara,-23.35,43.6667,82.87,57,9,8.39,MG,1708406016
82,thinadhoo,0.5333,72.9333,82.53,82,47,10.56,MV,1708406452
83,georgetown,5.4112,100.3354,89.53,74,20,5.75,MY,1708405982
84,aswan,24.0934,32.907,55.69,51,27,8.12,EG,1708406028
85,macaubas,-13.0194,-42.6986,68.36,99,100,3.22,BR,1708406453
86,dudinka,69.4058,86.1778,1.67,95,100,25.01,RU,1708405962
87,qarqin,37.4185,66.0436,38.12,61,62,3.62,AF,1708406454
88,thompson,55.7435,-97.8558,-13.86,100,92,2.95,CA,1708405706
89,tbeng meanchey,13.8167,104.9667,98.49,31,78,5.48,KH,1708406454
90,debila,33.5167,6.95,51.87,71,0,2.3,DZ,1708406454
91,yuci,37.6803,112.7319,19.15,86,40,11.18,CN,1708406454
92,guledagudda,16.05,75.8,85.69,29,41,8.9,IN,1708406455
93,vadso,70.0744,29.7487,22.08,73,20,19.57,NO,1708405974
94,salalah,17.0151,54.0924,78.89,65,40,0.0,OM,1708406455
95,tlaxco,19.6167,-98.1167,50.09,34,0,4.09,MX,1708406455
96,lauro de freitas,-12.8944,-38.3272,80.62,94,75,3.44,BR,1708406242
97,palmer,42.1584,-72.3287,23.41,48,0,6.91,US,1708405980
98,mount gambier,-37.8333,140.7667,80.22,39,100,2.13,AU,1708406456
99,fort mcmurray,56.7268,-111.381,5.52,100,86,1.68,CA,1708405886
100,puerto ayora,-0.7393,-90.3518,77.56,98,100,3.0,EC,1708405971
101,east london,-33.0153,27.9116,71.44,78,4,15.68,ZA,1708405960
102,uturoa,-16.7333,-151.4333,82.49,78,95,6.71,PF,1708406010
103,tazovsky,67.4667,78.7,8.78,90,100,20.15,RU,1708405968
104,vera,-29.4593,-60.2126,76.12,56,60,4.43,AR,1708406457
105,port elizabeth,-33.918,25.5701,67.32,97,100,5.75,ZA,1708405925
106,sougueur,35.1857,1.4961,41.13,100,33,4.61,DZ,1708406457
107,carnarvon,-24.8667,113.6333,92.93,46,97,14.94,AU,1708406011
108,ust-nera,64.5667,143.2,-15.93,92,100,5.1,RU,1708405959
109,palembang,-2.9167,104.7458,92.16,54,29,2.51,ID,1708406435
110,valparaiso,-33.0393,-71.6273,65.84,77,100,4.61,CL,1708405855
111,vernon,50.2581,-119.2691,38.75,87,100,1.01,CA,1708406198
112,antsiranana,-12.2787,49.2917,83.16,78,20,4.61,MG,1708406459
113,puerto baquerizo moreno,-0.9,-89.6,78.58,84,100,9.98,EC,1708405964
114,montrose,38.4166,-108.2673,32.54,60,34,8.01,US,1708406459
115,divnogorsk,55.9594,92.3619,-12.26,77,12,2.1,RU,1708406459
116,atafu village,-8.5421,-172.5159,83.97,74,100,10.49,TK,1708405957
117,parang,7.3704,124.2697,92.37,41,99,1.72,PH,1708406460
118,tucuma,-0.1833,-50.05,76.05,90,100,5.91,BR,1708406460
119,naracoorte,-36.9579,140.7383,82.15,31,100,9.19,AU,1708406408
120,tura,25.5198,90.2201,78.75,32,0,5.7,IN,1708405969
121,luderitz,-26.6481,15.1594,61.75,90,77,5.19,NA,1708405971
122,cockburn town,21.4612,-71.1419,77.18,82,3,7.2,TC,1708405929
123,keflavik,64.0049,-22.5624,34.23,93,75,4.61,IS,1708406000
124,praia da vitoria,38.7333,-27.0667,62.76,97,92,8.3,PT,1708405929
125,sinan,34.8262,126.1086,42.91,93,100,20.98,KR,1708406461
126,bamyan,34.75,67.25,8.33,95,100,3.87,AF,1708406462
127,cruzeiro do sul,-29.5128,-51.9853,72.09,89,99,1.9,BR,1708406462
128,lower hutt,-41.2167,174.9167,64.31,55,54,17.27,NZ,1708406349
129,alice springs,-23.7,133.8833,99.95,20,75,9.22,AU,1708405948
130,la sarre,48.8002,-79.1996,-15.84,100,37,1.66,CA,1708406463
131,paradip garh,20.3167,86.6167,84.85,53,1,11.39,IN,1708406463
132,tiksi,71.6872,128.8694,-31.13,97,43,3.6,RU,1708405943
133,utrik,11.2278,169.8474,80.55,82,27,14.83,MH,1708405982
134,quellon,-43.1167,-73.6167,54.64,96,10,4.83,CL,1708406464
135,taoudenni,22.6783,-3.9836,64.63,33,0,15.03,ML,1708405991
136,puerto aysen,-45.4,-72.7,56.28,98,5,3.85,CL,1708406465
137,talcahuano,-36.7167,-73.1167,60.48,82,100,11.5,CL,1708406466
138,san patricio,28.017,-97.5169,62.46,89,0,6.98,US,1708405993
139,palikir - national government center,6.9248,158.1611,85.05,79,100,11.5,FM,1708406040
140,nemuro,43.3236,145.575,30.61,66,80,11.5,JP,1708405965
141,harsova,44.6833,27.9333,35.46,84,71,7.52,RO,1708406466
142,nova sintra,14.8667,-24.7167,69.37,77,0,14.5,CV,1708406019
143,hawaiian paradise park,19.5933,-154.9731,69.31,88,100,5.75,US,1708405924
144,marquette,46.5333,-87.6335,18.77,86,69,1.01,US,1708406467
145,vilyuchinsk,52.9306,158.4028,25.07,90,99,1.5,RU,1708405997
146,fada,9.5667,8.3,71.67,25,5,3.47,NG,1708406468
147,weno,7.4515,151.8468,85.95,58,20,13.8,FM,1708405959
148,lompoc,34.6391,-120.4579,57.78,86,40,4.61,US,1708405976
149,saint-felicien,48.6501,-72.4491,0.28,60,20,9.22,CA,1708406469
150,aral,40.5156,81.2636,29.98,17,100,8.79,CN,1708406469
151,khandyga,62.6667,135.6,-25.78,87,100,1.9,RU,1708406053
152,tonga,-20.0,-175.0,80.83,82,87,18.41,TO,1708406470
153,sur,22.5667,59.5289,74.14,56,0,8.21,OM,1708406014
154,cobija,-11.0267,-68.7692,74.95,91,100,3.0,BO,1708406035
155,luba,3.4568,8.5547,78.69,88,62,4.88,GQ,1708406471
156,jamestown,42.097,-79.2353,23.72,85,19,1.01,US,1708406444
157,houghton,47.1219,-88.569,26.08,89,20,12.66,US,1708406235
158,cajabamba,-7.6167,-78.05,56.8,86,100,5.08,PE,1708406473
159,xapuri,-10.6517,-68.5044,73.78,98,100,3.06,BR,1708406473
160,gunnedah,-30.9833,150.25,86.36,34,43,6.73,AU,1708406474
161,teknaf,20.8624,92.3058,79.36,42,3,10.18,BD,1708406474
162,aasiaat,68.7098,-52.8699,7.74,99,79,3.13,GL,1708405953
163,tahoua,14.8888,5.2692,66.18,27,0,6.91,NE,1708406475
164,kristiansund,63.1115,7.732,43.45,70,75,5.75,NO,1708405954
165,valle hermoso,25.6667,-97.8333,57.88,84,0,8.39,MX,1708406011
166,korla,41.7597,86.1469,24.33,28,100,9.73,CN,1708406475
167,vershino-darasunskiy,52.35,115.5167,-3.01,49,1,10.87,RU,1708406476
168,island harbour,50.724,-1.2758,44.98,93,99,7.83,GB,1708406476
169,cabo san lucas,22.8909,-109.9124,73.51,56,0,6.91,MX,1708405829
170,saldanha,-33.0117,17.9442,64.31,97,76,2.89,ZA,1708405921
171,korfez,40.7767,29.7297,40.08,100,81,4.14,TR,1708406477
172,mata-utu,-13.2816,-176.1745,82.76,80,100,11.39,WF,1708406070
173,invercargill,-46.4,168.35,57.02,64,21,17.0,NZ,1708405956
174,faya-largeau,17.9257,19.1043,65.8,17,38,20.27,TD,1708406477
175,kodiak,57.79,-152.4072,42.31,87,100,14.97,US,1708405932
176,teofilo otoni,-17.8575,-41.5053,69.98,96,90,2.37,BR,1708406478
177,new norfolk,-42.7826,147.0587,74.7,57,100,4.54,AU,1708406479
178,santa elena de uairen,4.6167,-61.1333,67.23,68,84,5.35,VE,1708406479
179,roma,43.2128,-75.4557,13.66,88,0,0.0,US,1708406480
180,kavaratti,10.5669,72.642,83.01,70,30,11.86,IN,1708405949
181,hobyo,5.3505,48.5268,80.35,57,99,14.0,SO,1708405946
182,san martin,-33.081,-68.4681,81.14,39,78,5.61,AR,1708406481
183,yanchep,-31.55,115.6833,104.13,41,100,9.46,AU,1708406482
184,caluula,11.9661,50.7569,77.13,66,25,12.28,SO,1708406482
185,koumra,8.9126,17.5539,78.21,21,50,1.66,TD,1708406483
186,talnakh,69.4865,88.3972,-0.8,96,100,14.32,RU,1708405937
187,mpulungu,-8.7623,31.1141,72.66,82,72,4.0,ZM,1708406484
188,cidade velha,14.9167,-23.6167,73.87,68,0,17.27,CV,1708406485
189,bahir dar,11.5936,37.3908,71.1,33,73,2.42,ET,1708406485
190,iskateley,67.6803,53.1512,18.01,91,100,21.99,RU,1708406032
191,padang,-0.9492,100.3543,89.65,84,98,4.92,ID,1708406486
192,punta arenas,-53.15,-70.9167,53.71,87,100,20.71,CL,1708405920
193,san julian,21.0167,-102.1667,59.4,20,0,2.15,MX,1708406487
194,nar'yan-mar,67.6713,53.087,18.1,91,100,21.99,RU,1708405941
195,brokopondo,4.75,-55.1667,73.89,83,39,8.03,SR,1708406487
196,laboulaye,-34.1266,-63.3912,69.69,62,0,5.95,AR,1708406488
197,ugoofaaru,5.6667,73.0,83.16,74,42,13.09,MV,1708406488
198,pisco,-13.7,-76.2167,75.25,83,0,12.66,PE,1708406010
199,coquimbo,-29.9533,-71.3436,65.32,80,98,3.02,CL,1708405727
200,ndago,-4.6,34.35,65.14,89,53,3.44,TZ,1708406490
201,pochep,52.9336,33.4464,21.76,89,100,9.44,RU,1708406490
202,college,64.8569,-147.8028,41.32,65,75,8.05,US,1708405950
203,happy valley-goose bay,53.3168,-60.3315,4.48,86,100,13.73,CA,1708406068
204,chul'man,56.8479,124.9104,-10.21,88,100,12.39,RU,1708406491
205,uyuni,-20.4597,-66.825,51.1,77,100,7.74,BO,1708406491
206,namibe,-15.1961,12.1522,78.13,61,100,8.39,AO,1708406491
207,callaway,30.153,-85.5699,44.91,84,0,0.0,US,1708406491
208,garoua boulai,5.8833,14.55,68.25,31,13,2.66,CM,1708406491
209,chonchi,-42.6128,-73.8092,60.01,99,24,3.65,CL,1708405979
210,broome,42.2506,-75.833,17.98,81,0,0.0,US,1708406492
211,daru,-9.0763,143.2092,84.27,79,79,6.96,PG,1708406492
212,baalbek,34.0058,36.2181,39.25,88,8,2.42,LB,1708406492
213,ceerigaabo,10.6162,47.368,66.97,26,64,1.3,SO,1708406493
214,portland,45.5234,-122.6762,46.85,82,75,11.01,US,1708406227
215,razole,16.4833,81.8333,89.06,38,19,4.29,IN,1708406493
216,hami,42.8,93.45,21.11,32,100,7.16,CN,1708405992
217,bredasdorp,-34.5322,20.0403,68.83,74,16,2.24,ZA,1708405937
218,kpandu,6.9954,0.2931,80.35,79,2,4.68,GH,1708406494
219,vorgashor,67.5833,63.95,15.04,84,100,24.0,RU,1708405715
220,hannibal,39.7084,-91.3585,43.72,42,0,4.61,US,1708406495
221,sihanoukville,10.6093,103.5296,87.75,66,40,9.22,KH,1708406495
222,hilo,19.7297,-155.09,69.53,85,100,5.75,US,1708406495
223,rexburg,43.826,-111.7897,36.54,81,100,0.0,US,1708406443
224,al burayqah,30.4062,19.5739,56.07,66,0,2.73,LY,1708406013
225,vila franca do campo,37.7167,-25.4333,64.89,99,100,7.29,PT,1708406042
226,puerto ayacucho,5.6639,-67.6236,78.53,56,49,4.47,VE,1708406497
227,nabisar,25.0685,69.6419,79.74,45,21,14.36,PK,1708406498
228,belogorsk,50.9158,128.4611,-1.14,63,40,15.19,RU,1708406498
229,kyosai,34.8503,128.5886,46.36,84,100,22.93,KR,1708406498
230,vanino,49.0869,140.2543,2.93,61,61,15.12,RU,1708406219
231,soni,-4.85,38.3667,69.89,84,50,1.66,TZ,1708406499
232,rio grande,-32.035,-52.0986,69.94,78,13,8.81,BR,1708406499
233,pointe michel,15.25,-61.3833,79.0,71,76,12.17,DM,1708406499
234,upper grand lagoon,30.1633,-85.7408,45.0,88,0,0.0,US,1708406500
235,holualoa,19.6228,-155.9522,71.44,74,100,9.22,US,1708406500
236,port moresby,-9.4431,147.1797,82.06,77,100,7.67,PG,1708406500
237,broken hill,-31.95,141.4333,94.05,11,60,9.53,AU,1708406024
238,imbituba,-28.24,-48.6703,71.08,88,91,4.5,BR,1708406501
239,staraya russa,57.9944,31.3608,20.98,91,100,8.5,RU,1708406501
240,paita,-5.0892,-81.1144,77.59,82,98,2.53,PE,1708406501
241,taligaman,8.9044,125.6558,86.38,57,86,3.36,PH,1708406501
242,alofi,-19.0595,-169.9187,80.78,89,100,15.88,NU,1708406002
243,jamaame,0.0697,42.745,82.51,67,75,13.82,SO,1708406502
244,allada,6.6655,2.1514,83.16,88,1,3.38,BJ,1708406502
245,bel ombre,-4.6167,55.4167,84.04,79,40,13.8,SC,1708406502
246,pacasmayo,-7.4006,-79.5714,76.86,76,61,9.26,PE,1708406502
247,san jose del guaviare,2.5729,-72.6459,77.23,64,96,2.26,CO,1708406036
248,cacheu,12.2706,-16.1658,70.59,73,100,4.65,GW,1708406503
249,qinhuangdao,39.9317,119.5883,24.71,21,100,18.14,CN,1708406503
250,fort st. john,56.2499,-120.8529,27.64,73,51,2.62,CA,1708405976
251,northam,51.0333,-4.2167,48.61,98,100,11.99,GB,1708405990
252,tralee,52.2704,-9.7026,49.93,89,100,11.21,IE,1708405977
253,lakatoro,-16.0999,167.4164,85.23,73,56,7.45,VU,1708406504
254,wailua homesteads,22.0669,-159.378,70.59,58,75,12.66,US,1708405945
255,betioky,-23.7167,44.3833,78.13,57,15,9.35,MG,1708406505
256,gazojak,41.1875,61.4036,25.05,45,0,2.51,TM,1708406505
257,gorontalo,0.5412,123.0595,86.05,73,66,1.5,ID,1708406505
258,bikenibeu village,1.3673,173.1241,87.76,74,75,16.11,KI,1708406059
259,lihue,21.9789,-159.3672,71.19,58,75,12.66,US,1708405957
260,siasi,5.5462,120.8145,81.19,72,96,1.59,PH,1708406506
261,darab,28.7519,54.5444,51.82,32,0,1.52,IR,1708406506
262,rikaze,29.25,88.8833,39.38,23,0,0.47,CN,1708406506
263,qandala,11.472,49.8728,76.17,58,53,2.77,SO,1708405948
264,shahrak,34.1074,64.3052,27.21,52,5,2.24,AF,1708406507
265,aromashevo,56.8602,68.6375,-4.58,85,21,11.01,RU,1708406507
266,loango,-4.6719,11.8312,78.46,89,40,4.61,CG,1708406507
267,yanam,16.7333,82.2167,90.55,34,26,3.11,IN,1708406508
268,polyarnyy,69.1989,33.4478,21.92,85,89,21.3,RU,1708405924
269,irati,-25.4672,-50.6511,60.93,100,99,1.66,BR,1708406508
270,smithers,54.7804,-127.1743,30.52,86,100,2.3,CA,1708406509
271,bechar,31.6167,-2.2167,46.72,46,0,3.44,DZ,1708406509
272,kuta,-8.7233,115.1723,89.55,74,20,10.36,ID,1708406510
273,touros,-5.1989,-35.4608,79.65,85,47,4.23,BR,1708406044
274,saipan,15.1355,145.701,81.3,74,75,26.46,MP,1708405976
275,haiku-pauwela,20.9219,-156.3051,70.03,70,40,12.66,US,1708406066
276,enewetak,11.3474,162.3373,79.45,69,99,20.36,MH,1708405958
277,manokwari,-0.8667,134.0833,77.85,89,100,8.12,ID,1708405923
278,cuamba,-14.8031,36.5372,71.6,87,55,4.14,MZ,1708406511
279,waddan,29.1614,16.139,50.72,76,0,5.19,LY,1708406064
280,rawson,-43.3002,-65.1023,68.43,54,0,14.54,AR,1708406239
281,port mathurin,-19.6833,63.4167,79.59,65,53,21.54,MU,1708405960
282,kenora,49.8167,-94.4337,22.17,42,0,8.05,CA,1708406512
283,sandnessjoen,66.0217,12.6316,28.51,86,75,6.91,NO,1708405935
284,ko pha ngan,9.7578,100.0291,83.08,76,44,7.78,TH,1708406427
285,sisimiut,66.9395,-53.6735,9.63,95,96,15.68,GL,1708406034
286,penhalonga,-18.8911,32.6978,62.67,83,39,1.97,ZW,1708406513
287,sola,-13.8833,167.55,84.31,69,99,0.76,VU,1708406514
288,pacific grove,36.6177,-121.9166,58.66,80,20,18.01,US,1708405945
289,masjed soleyman,31.9364,49.3039,58.42,52,0,0.56,IR,1708406514
290,porto velho,-8.7619,-63.9039,77.05,94,75,3.44,BR,1708406514
291,salaverry,-8.2333,-78.9667,71.98,83,74,4.97,PE,1708406515
292,tarawa,1.419,172.984,87.89,74,75,16.11,KI,1708406515
293,saint-francois,46.4154,3.9054,44.04,94,75,9.22,FR,1708406516
294,sligo,54.2697,-8.4694,51.69,86,100,18.34,IE,1708406517
295,hamilton,39.1834,-84.5333,36.14,74,0,4.61,US,1708405978
296,hailey,43.5196,-114.3153,28.26,84,0,6.91,US,1708406239
297,mirecourt,48.3009,6.1328,43.83,93,100,6.91,FR,1708406518
298,camocim,-2.9022,-40.8411,77.02,91,100,2.42,BR,1708406519
299,urengoy,65.9667,78.3667,9.39,92,100,18.63,RU,1708406024
300,nagqu,31.5,92.0,32.2,13,9,26.71,CN,1708405990
301,tevriz,57.509,72.4042,-5.13,91,63,7.07,RU,1708406520
302,cabedelo,-6.9811,-34.8339,79.47,81,67,4.65,BR,1708405994
303,howrah,22.5892,88.3103,80.6,78,40,6.91,IN,1708406008
304,brak,27.5496,14.2714,52.07,49,1,7.16,LY,1708406520
305,point fortin,10.1833,-61.6833,73.22,84,93,10.56,TT,1708406521
306,juruti,-2.1522,-56.0922,74.46,80,78,3.4,BR,1708406521
307,djougou,9.7085,1.666,74.34,19,0,2.82,BJ,1708406522
308,nadi,-17.8,177.4167,84.2,84,75,6.91,FJ,1708406353
309,playas,-2.6333,-80.3833,77.2,92,100,5.32,EC,1708406523
310,luanda,-8.8368,13.2343,78.8,89,75,4.61,AO,1708406248
311,childress,34.4264,-100.204,49.93,49,0,9.22,US,1708406523
312,vanimo,-2.6741,141.3028,82.92,79,100,12.08,PG,1708406524
313,kalifornsky,60.4183,-151.29,35.94,98,75,8.05,US,1708406524
314,fortuna,40.5982,-124.1573,52.93,96,100,10.36,US,1708405964
315,vrangel',42.7297,133.0839,21.96,32,20,15.57,RU,1708406526
316,mersin,36.862,34.6509,50.61,61,5,6.04,TR,1708406526
317,taltal,-25.4,-70.4833,68.13,84,74,2.48,CL,1708405994
318,shenkursk,62.1091,42.896,15.06,89,95,11.63,RU,1708406526
319,hithadhoo,-0.6,73.0833,83.03,80,59,10.76,MV,1708405979
320,ballina,-28.8667,153.5667,78.78,64,58,9.04,AU,1708406411
321,saudarkrokur,65.7461,-19.6394,35.85,95,100,9.06,IS,1708405971
322,prince rupert,54.3161,-130.3201,44.29,81,47,21.85,CA,1708406072
323,berezovyy,51.6667,135.7,1.56,54,28,7.43,RU,1708406528
324,kirkuk,35.4681,44.3922,52.12,70,59,4.81,IQ,1708406455
325,riberalta,-10.9833,-66.1,74.39,98,99,2.33,BO,1708406528
326,ust-tsilma,65.441,52.1498,20.61,92,100,8.99,RU,1708406065
327,puerto lempira,15.2667,-83.7667,77.23,68,80,17.92,HN,1708406529
328,ciudad manuel doblado,20.7333,-101.9333,60.48,21,0,1.74,MX,1708406529
329,gadzhiyevo,69.2551,33.3362,22.19,85,90,22.35,RU,1708405994
330,tokar,18.4254,37.729,72.79,60,4,10.78,SD,1708406530
331,gazli,40.1333,63.45,25.52,24,0,1.9,UZ,1708406530
332,letlhakeng,-24.0944,25.0298,69.06,62,32,7.58,BW,1708406531
333,goundi,9.3627,17.366,78.26,22,49,2.21,TD,1708406531
334,tsiombe,-25.3,45.4833,76.26,69,78,8.99,MG,1708406030
335,cascais,38.6979,-9.4215,60.06,82,54,13.0,PT,1708406532
336,mil'kovo,55.6078,37.7956,2.71,100,100,4.05,RU,1708406532
337,imperia,43.9667,7.7833,49.89,78,67,6.85,IT,1708406532
338,la junta,37.985,-103.5438,35.89,64,0,5.75,US,1708406533
339,bardai,11.65,7.2333,69.15,15,0,7.65,NG,1708405970
340,qom,34.6401,50.8764,44.67,59,42,2.26,IR,1708406533
341,valencia de alcantara,39.4115,-7.2444,46.04,91,23,3.18,ES,1708406534
342,kangiwa,12.5521,3.8187,70.48,11,1,9.33,NG,1708406534
343,neosho,36.869,-94.368,45.61,56,49,7.23,US,1708406534
344,camana,-16.6228,-72.7111,73.71,89,99,3.74,PE,1708406056
345,rongelap,11.1635,166.8941,79.77,83,82,16.69,MH,1708405983
346,kletskaya,49.3145,43.0584,18.86,89,31,8.95,RU,1708406536
347,bac giang,21.2667,106.2,77.07,56,91,15.66,VN,1708406536
348,san andres,12.5847,-81.7006,80.28,83,74,22.12,CO,1708406537
349,constantia,44.1833,28.65,38.08,79,19,5.68,RO,1708405973
350,bhag,29.0415,67.8239,70.18,16,0,7.43,PK,1708406539
351,colby,39.3958,-101.0524,35.65,64,0,5.75,US,1708406318
352,axim,4.8699,-2.2405,80.02,91,20,4.32,GH,1708406043
353,taupo,-38.6833,176.0833,68.92,51,3,7.74,NZ,1708406540
354,changji,44.0167,87.3167,-3.21,77,63,4.47,CN,1708406541
355,ivdel',60.6911,60.4206,6.03,92,31,4.0,RU,1708406542
356,karagandy,49.8019,73.1021,-16.65,77,2,11.88,KZ,1708406542
357,san jose,37.3394,-121.895,58.82,82,75,11.01,US,1708406543
358,kingston,17.997,-76.7936,76.24,94,9,2.44,JM,1708405999
359,progreso,21.2833,-89.6667,66.31,77,0,8.88,MX,1708406544
360,port hedland,-20.3167,118.5667,93.25,66,99,10.36,AU,1708406545
361,trairi,-3.2778,-39.2689,76.3,93,100,1.36,BR,1708406309
362,sao joao da barra,-21.6403,-41.0511,74.03,90,12,3.62,BR,1708406065
363,belel,7.05,14.4333,66.87,26,11,2.73,CM,1708406547
364,obihiro,42.9172,143.2044,36.81,52,33,22.66,JP,1708406547
365,kuala belait,4.5833,114.1833,87.96,64,49,6.42,BN,1708406332
366,thief river falls,48.1191,-96.1812,27.55,74,0,6.91,US,1708406550
367,warrnambool,-38.3833,142.4833,70.03,68,100,10.31,AU,1708406489
368,kidal,18.4411,1.4078,61.52,29,0,10.07,ML,1708406551
369,pehowa,29.9833,76.5833,73.56,33,0,13.71,IN,1708406551
370,san isidro,-12.1167,-77.05,80.02,72,0,11.5,PE,1708405964
371,hudiksvall,61.729,17.1036,17.31,98,88,4.25,SE,1708406552
372,kailua-kona,19.6406,-155.9956,75.16,73,100,9.22,US,1708406552
373,la villa del rosario,10.3258,-72.3134,78.69,76,11,12.44,VE,1708406553
374,remire-montjoly,4.9167,-52.2667,77.04,88,20,0.0,GF,1708405977
375,tsengel,49.4783,100.8894,-10.07,84,69,3.56,MN,1708406553
376,alekseyevskoye,55.3071,50.1135,4.44,98,96,5.3,RU,1708406554
377,dunedin,-45.8742,170.5036,63.81,41,2,11.01,NZ,1708406054
378,fort-shevchenko,44.5086,50.263,34.0,90,100,18.57,KZ,1708406554
379,akureyri,65.6835,-18.0878,33.73,93,20,10.36,IS,1708406298
380,veraval,20.9,70.3667,78.01,63,3,7.43,IN,1708406555
381,humberto de campos,-2.5983,-43.4611,75.49,95,100,3.96,BR,1708406556
382,mahibadhoo,3.7833,72.9667,82.47,78,37,11.95,MV,1708405984
383,mormugao,15.4,73.8,82.69,38,39,1.07,IN,1708406556
384,balasore,21.4942,86.9317,90.05,32,6,7.94,IN,1708406557
385,guixi,28.2886,117.2133,72.81,78,100,3.65,CN,1708406557
386,kapa'a,22.0752,-159.319,71.92,59,75,12.66,US,1708406557
387,tobelo,1.7284,128.0095,83.07,76,84,8.9,ID,1708406031
388,misawa,40.6836,141.3597,33.6,55,50,19.39,JP,1708406558
389,merizo village,13.2658,144.6691,84.76,77,22,16.73,GU,1708406559
390,hammerfest,70.6634,23.6821,23.45,68,75,8.05,NO,1708406559
391,pizhou,34.3114,117.9503,28.0,75,100,17.0,CN,1708406559
392,al jawf,29.5,38.75,48.29,76,0,4.47,SA,1708406000
393,tianfu,37.1936,122.0511,33.13,43,96,18.7,CN,1708406560
394,yongchuan,29.3514,105.8947,65.44,59,56,4.12,CN,1708406560
395,powell,40.1578,-83.0752,30.42,86,0,1.01,US,1708406561
396,diapaga,12.0708,1.7889,72.28,11,3,7.31,BF,1708406562
397,konstantinovskiy,57.8301,39.5899,15.51,100,100,4.05,RU,1708406562
398,cidreira,-30.1811,-50.2056,73.11,72,100,5.66,BR,1708406562
399,arica,-18.475,-70.3042,77.23,73,100,5.75,CL,1708406563
400,shinas,24.7433,56.4658,70.05,43,5,9.51,OM,1708406563
401,horsham,51.064,-0.3272,45.25,94,0,0.0,GB,1708406563
402,luwuk,-0.9516,122.7875,88.72,59,24,3.36,ID,1708406563
403,saint-pierre,-21.3393,55.4781,82.08,65,20,25.32,RE,1708406304
404,tolanaro,-25.0319,46.9987,76.57,71,66,9.71,MG,1708405986
405,masterton,-40.9597,175.6575,59.11,58,97,4.7,NZ,1708406564
406,el calafate,-50.3408,-72.2768,58.78,80,100,6.8,AR,1708406274
407,san antonio de pale,-1.4014,5.6325,83.08,78,95,6.44,GQ,1708406072
408,uren',57.4552,45.7852,0.66,100,100,4.41,RU,1708406565
409,eyl,7.9803,49.8164,78.66,56,20,13.35,SO,1708406565
410,buncrana,55.1333,-7.45,49.64,74,100,11.41,IE,1708406565
411,lethem,3.3803,-59.7968,79.93,53,49,13.09,GY,1708406566
412,nuku'alofa,-21.1333,-175.2,84.54,79,20,13.8,TO,1708406566
413,vinzons,14.1737,122.9066,82.45,68,20,11.14,PH,1708406566
414,laguna,38.421,-121.4238,56.3,86,100,8.05,US,1708406567
415,sitka,57.0531,-135.33,44.49,87,100,0.0,US,1708405971
416,bakchar,57.0186,82.0711,-7.08,88,27,5.48,RU,1708406567
417,patterson,37.4716,-121.1297,58.05,77,7,6.24,US,1708406568
418,azua,18.4532,-70.7349,72.46,77,46,2.95,DO,1708406568
419,fort knox,37.8911,-85.9636,38.25,61,0,0.0,US,1708406568
420,tubarjal,30.4999,38.216,47.97,75,0,5.12,SA,1708406568
421,geraldton,-28.7667,114.6,102.61,13,74,13.8,AU,1708405975
422,sao raimundo das mangabeiras,-7.0219,-45.4811,73.13,99,100,3.11,BR,1708406569
423,camabatela,-8.1881,15.375,63.28,98,100,0.89,AO,1708406569
424,bandar abbas,27.1865,56.2808,69.78,64,20,4.61,IR,1708406569
425,acapulco de juarez,16.8634,-99.8901,75.02,78,0,0.0,MX,1708405937
426,fuyu,45.1833,124.8167,6.96,51,71,9.28,CN,1708406570
427,ipatinga,-19.4683,-42.5367,73.47,88,75,1.14,BR,1708406570
428,ausa,41.9271,2.2497,50.29,93,95,1.12,ES,1708406570
429,chui,-33.6971,-53.4616,67.78,91,17,5.32,UY,1708406571
430,bayanaul,50.7889,75.6956,-11.18,88,6,6.29,KZ,1708406571
431,naze,28.3667,129.4833,72.52,74,75,14.92,JP,1708406504
432,faro,37.0194,-7.9322,61.97,67,0,5.75,PT,1708406571
433,bamboo flat,11.7,92.7167,86.09,48,99,12.66,IN,1708406572
434,conceicao do araguaia,-8.2578,-49.2647,71.87,98,100,3.4,BR,1708406287
435,ayorou,14.7308,0.9174,65.93,21,8,10.29,NE,1708406572
436,nuuk,64.1835,-51.7216,36.21,55,75,12.66,GL,1708406572
437,asau,46.4333,26.4,29.32,88,68,3.53,RO,1708406573
438,ain kercha,35.9247,6.6953,46.78,84,96,7.23,DZ,1708406573
439,mana,5.6592,-53.7767,77.2,84,81,8.7,GF,1708406574
440,bima,-8.4667,118.7167,90.39,64,73,5.46,ID,1708406574
441,okhotsk,59.3833,143.3,-9.45,81,94,14.56,RU,1708406574
442,le vauclin,14.5452,-60.8388,77.05,83,75,4.61,MQ,1708406575
443,balsas,-7.5325,-46.0356,72.93,98,100,2.77,BR,1708406575
444,tindouf,27.6711,-8.1474,52.25,37,0,4.61,DZ,1708406576
445,ust'-barguzin,53.45,108.9833,-4.38,75,100,7.76,RU,1708406576
446,gornyye klyuchi,45.25,133.5,11.88,73,61,13.06,RU,1708406576
447,marcos juarez,-32.6978,-62.1067,67.96,66,0,2.86,AR,1708406577
448,fale old settlement,-9.3852,-171.2468,83.97,75,100,11.79,TK,1708406577
449,kapuskasing,49.4169,-82.4331,-4.04,98,24,2.55,CA,1708406025
450,ciudad lazaro cardenas,17.9583,-102.2,73.6,80,0,3.83,MX,1708406578
451,sosnovo-ozerskoye,52.5249,111.5418,-10.07,76,22,13.27,RU,1708406578
452,bubaque,11.2833,-15.8333,78.64,76,99,12.08,GW,1708406578
453,mazagao,-0.115,-51.2894,77.05,92,94,3.56,BR,1708405781
454,iquique,-20.2208,-70.1431,75.24,81,64,1.95,CL,1708406530
455,leirvik,59.7798,5.5005,42.85,98,96,9.73,NO,1708406579
456,chibougamau,49.9168,-74.3659,-13.38,84,40,2.3,CA,1708406579
457,columbia falls,48.3725,-114.1815,33.4,90,100,0.0,US,1708406579
458,alaghsas,17.0187,8.0168,62.49,16,0,6.91,NE,1708406580
459,sterling,39.0062,-77.4286,35.51,73,0,4.61,US,1708405736
460,surany,48.0861,18.1845,43.95,84,56,5.91,SK,1708406580
461,as sulayyil,20.4607,45.5779,61.05,36,4,9.73,SA,1708406581
462,nizhnyaya omka,55.4338,74.9426,-14.57,92,16,8.08,RU,1708406581
463,port hueneme,34.1478,-119.1951,59.18,96,100,14.97,US,1708406581
464,copiapo,-27.3667,-70.3333,58.69,74,53,0.56,CL,1708406367
465,alo,7.4178,6.7371,80.06,83,4,4.45,NG,1708406582
466,cam ranh,11.9214,109.1591,89.56,55,20,8.05,VN,1708406582
467,nsanje,-16.92,35.262,75.36,90,65,3.04,MW,1708406583
468,namie,37.4833,141.0,58.98,60,100,3.0,JP,1708406583
469,levice,48.2156,18.6071,43.5,91,42,4.45,SK,1708406583
470,altai,46.3722,96.2583,-8.72,77,1,2.26,MN,1708406584
471,selfoss,63.9331,-20.9971,36.05,86,53,5.01,IS,1708406584
472,maceio,-9.6658,-35.7353,80.04,100,20,0.0,BR,1708406585
473,talara,-4.5772,-81.2719,77.18,88,100,2.24,PE,1708406585
474,sekong,-6.3996,106.0252,88.25,65,53,3.24,ID,1708406585
475,wainwright,52.839,-110.8572,11.89,94,9,3.62,CA,1708406585
476,zhaqsy,51.9083,67.3133,-16.2,83,10,11.7,KZ,1708406586
477,queenstown,-31.8976,26.8753,64.33,78,12,3.02,ZA,1708406586
478,pallasovka,50.05,46.8833,18.32,97,85,6.8,RU,1708406586
479,bor,56.3567,44.0669,21.13,100,97,2.13,RU,1708406587
480,boca do acre,-8.7522,-67.3978,73.94,96,100,2.17,BR,1708406587
481,barabai,-2.5833,115.3833,94.33,50,44,3.94,ID,1708406587
482,christchurch,-43.5333,172.6333,63.41,40,30,14.97,NZ,1708406528
483,hoemul-li,41.4339,129.67,26.82,58,100,11.88,KP,1708406588
484,santa rosalia,27.3167,-112.2833,64.24,44,83,5.08,MX,1708406589
485,lae,-6.7221,146.9847,95.67,75,94,9.64,PG,1708406589
486,kupino,54.3663,77.2981,-14.44,93,9,3.89,RU,1708406589
487,mooloolaba,-26.6833,153.1167,84.06,76,21,4.0,AU,1708406590
488,lautoka,-17.6167,177.4667,84.06,84,75,6.91,FJ,1708406590
489,taulaga,-11.0553,-171.0883,82.78,80,98,15.66,AS,1708406580
490,outjo,-20.1167,16.15,70.03,61,72,4.99,NA,1708406590
491,walvis bay,-22.9575,14.5053,62.1,86,77,7.25,NA,1708406035
492,nouadhibou,20.931,-17.0347,71.58,40,0,14.97,MR,1708406591
493,aykhal,66.0,111.5,-1.55,92,100,6.69,RU,1708406591
494,heber city,40.5069,-111.4132,38.34,97,100,4.0,US,1708406592
495,constitucion,-35.3333,-72.4167,58.33,93,100,2.37,CL,1708406592
496,chinsali,-10.5414,32.0816,64.99,89,97,2.15,ZM,1708406592
497,umm kaddadah,13.6017,26.6876,63.21,20,50,17.16,SD,1708406452
498,haci zeynalabdin,40.6233,49.5586,41.14,74,59,3.02,AZ,1708406593
499,st. john's,47.5649,-52.7093,24.67,91,75,12.66,CA,1708406561
500,makokou,0.5738,12.8642,71.62,99,100,2.15,GA,1708406593
501,road town,18.4167,-64.6167,77.09,77,7,10.96,VG,1708406594
502,ciudad bolivar,8.1222,-63.5497,78.89,60,43,13.27,VE,1708406588
503,dunay,42.8803,132.3375,14.72,47,25,22.15,RU,1708406014
504,devils lake,48.1128,-98.8651,26.58,87,0,3.44,US,1708406595
505,casper,42.8666,-106.3131,43.39,49,100,24.16,US,1708406595
506,tago,9.0211,126.2317,82.56,70,60,5.99,PH,1708406596
507,isangel,-19.55,169.2667,80.71,94,100,0.0,VU,1708406596
508,waingapu,-9.6567,120.2641,91.17,61,63,11.79,ID,1708406596
509,zhosaly,45.4878,64.0781,18.03,75,100,18.32,KZ,1708406596
510,almirante,9.3,-82.4,76.91,84,92,6.08,PA,1708406597
511,severo-yeniseyskiy,60.3725,93.0408,-14.42,93,100,5.99,RU,1708406597
512,tual,-5.6667,132.75,83.73,80,35,13.24,ID,1708406597
513,greymouth,-42.4667,171.2,59.14,53,29,7.27,NZ,1708406598
514,galle,6.0367,80.217,86.56,62,7,3.76,LK,1708406598
515,luxor,25.6989,32.6421,54.01,57,17,4.99,EG,1708406346
516,akrehamn,59.2667,5.1833,43.41,93,100,8.05,NO,1708406598
517,klaeng,12.7797,101.6483,88.95,57,100,10.18,TH,1708406599
518,leamington,42.0549,-82.6062,32.07,61,83,7.0,CA,1708406599
519,cedeira,43.6797,-8.0209,55.83,74,24,11.52,ES,1708406600
520,laela,-8.5667,32.05,62.49,91,60,3.11,TZ,1708406600
521,mach,29.8637,67.3298,55.63,24,0,9.66,PK,1708406600
522,chegdomyn,51.1167,133.0167,-8.97,79,96,4.23,RU,1708406600
523,muang phon-hong,18.4928,102.4172,93.0,35,9,2.68,LA,1708406601
524,taroa,8.7058,171.2275,82.31,80,88,17.78,MH,1708406601
525,susanville,40.4163,-120.653,39.81,95,75,5.75,US,1708406601
526,qusmuryn,52.4503,64.6311,-13.11,81,10,5.08,KZ,1708406601
527,el nido,11.1858,119.3956,82.51,65,21,17.43,PH,1708406602
528,copala,16.65,-98.9833,74.53,74,0,3.53,MX,1708406602
529,chinon,47.1667,0.3333,46.78,97,96,3.56,FR,1708406602
530,levuka,50.1834,-105.4011,6.51,95,12,5.19,CA,1708406602
531,trujillo,-8.116,-79.03,73.36,83,70,4.61,PE,1708406603
532,sampit,-2.5333,112.95,89.74,66,66,2.15,ID,1708406603
533,escarcega,18.6089,-90.7454,59.2,91,0,3.0,MX,1708406603
534,la ronge,55.1001,-105.2842,1.65,71,0,3.44,CA,1708406604
535,macia,-25.0269,33.0989,75.49,83,27,2.62,MZ,1708406604
536,choibalsan,48.0667,114.5,-9.94,81,2,8.61,MN,1708406604
537,ust'-uda,54.1742,103.0304,-11.24,88,63,2.98,RU,1708406604
538,xining,36.6167,101.7667,38.32,29,100,5.55,CN,1708406605
539,minchianabad,30.163,73.5685,72.46,19,0,8.52,PK,1708406605
540,medicine hat,50.0501,-110.6683,22.84,75,20,3.44,CA,1708406351
541,jining,35.405,116.5814,29.05,64,100,13.15,CN,1708406605
542,hauterive,46.0901,3.4459,45.36,95,100,3.44,FR,1708406606
543,tshabong,-26.05,22.45,78.64,44,1,6.49,BW,1708406606
544,novodvinsk,64.4165,40.8122,20.95,91,100,11.72,RU,1708406606
545,harstad,68.799,16.5293,31.62,96,100,11.01,NO,1708406011
546,shimoda,34.6667,138.95,72.1,81,95,16.24,JP,1708406607
547,celestun,20.8667,-90.4,66.22,74,0,10.8,MX,1708406491
548,plastun,44.7561,136.2939,15.39,41,20,17.69,RU,1708406607
549,san pedro pochutla,15.7333,-96.4667,71.51,79,0,2.86,MX,1708406608
550,cill airne,52.05,-9.5167,48.67,94,100,8.25,IE,1708406608
551,kyzyl-suu,42.3414,78.0056,24.58,89,100,3.4,KG,1708406608
552,baldeogarh,24.755,79.0681,84.9,28,6,8.81,IN,1708406609
553,nogliki,51.8333,143.1667,-9.65,72,50,13.0,RU,1708406609
554,jiujiang,29.7333,115.9833,48.06,92,100,15.84,CN,1708406609
555,san jose de jachal,-30.2406,-68.7469,80.01,41,60,6.08,AR,1708406609
556,magadan,59.5667,150.8,-3.48,73,100,7.83,RU,1708406610
557,zhigalovo,54.8097,105.1578,-7.8,88,97,2.73,RU,1708406610
558,palmerston,-12.486,130.9833,94.03,64,75,9.22,AU,1708406535
559,thunder bay,48.4001,-89.3168,19.38,73,100,5.75,CA,1708406313
560,tazacorte,28.629,-17.9293,63.57,72,0,10.36,ES,1708406610
561,sangkhla buri,15.1555,98.4536,94.64,22,3,3.83,TH,1708406611
562,sinop,41.7711,34.8709,36.01,89,88,1.52,TR,1708406611
563,corner brook,48.9667,-57.9484,19.56,93,100,12.37,CA,1708406611
564,tirschenreuth,49.8825,12.3331,42.91,94,99,1.99,DE,1708406612
565,livingston,55.9029,-3.5226,48.13,80,20,9.22,GB,1708406612
566,emporia,38.4039,-96.1817,37.6,75,0,6.91,US,1708406612
567,port-vila,-17.7338,168.3219,87.4,70,75,5.75,VU,1708406612
568,kavieng,-2.5744,150.7967,83.52,80,96,9.17,PG,1708406613
569,kiunga,-6.1219,141.2906,83.14,77,100,2.82,PG,1708406613
570,prince george,53.9166,-122.753,24.26,84,0,2.3,CA,1708406418
571,nema,57.5067,50.5011,-1.64,100,96,4.41,RU,1708406374
572,carauari,-4.8828,-66.8958,76.15,97,100,2.17,BR,1708406614
573,vedaraniyam,10.3667,79.85,82.49,65,7,10.33,IN,1708406614
574,fisterra,42.9049,-9.2629,50.02,78,0,9.01,ES,1708406614
575,kpandae,8.4689,-0.0113,81.43,69,0,2.73,GH,1708406614
576,mar del plata,-38.0023,-57.5575,71.1,91,40,11.99,AR,1708406412
577,san fernando,15.0286,120.6898,92.93,32,25,13.58,PH,1708406615
578,ebon,4.582,168.6964,82.81,82,100,12.06,MH,1708406615
579,ngara,-2.5122,30.6558,58.64,94,92,1.1,TZ,1708406616
580,sovetskaya gavan',48.9723,140.2878,3.11,62,43,18.16,RU,1708406616
581,serafimovich,49.5786,42.736,17.62,87,8,8.46,RU,1708406616
582,codo,-4.4553,-43.8856,74.43,99,100,2.53,BR,1708406339
583,alenquer,-1.9417,-54.7383,75.34,77,100,2.82,BR,1708406617
584,betio village,1.358,172.9211,87.84,80,76,13.65,KI,1708406440
585,khorugh,37.4897,71.553,17.29,87,98,1.57,TJ,1708406617
586,mugia,43.1041,-9.2179,50.16,82,1,10.83,ES,1708406617
587,gizo,-8.103,156.8419,83.46,80,92,16.44,SB,1708406617
588,shetpe,44.1667,52.1167,26.82,51,94,10.25,KZ,1708406618
589,troitsk,54.0979,61.5773,-6.11,88,100,7.4,RU,1708406618
590,piet retief,-27.0071,30.8132,63.81,96,83,1.92,ZA,1708406032
591,bereket,39.2446,55.5154,33.19,36,44,13.2,TM,1708406618
592,endicott,42.0984,-76.0494,17.55,77,7,3.0,US,1708406559
